{
  "fio version" : "fio-3.28",
  "timestamp" : 1698534819,
  "timestamp_ms" : 1698534819141,
  "time" : "Sun Oct 29 01:13:39 2023",
  "global options" : {
    "runtime" : "60",
    "direct" : "0",
    "directory" : "./",
    "rwmixwrite" : "33",
    "filesize" : "1G",
    "rw" : "randrw",
    "loops" : "5"
  },
  "jobs" : [
    {
      "jobname" : "job0.0",
      "groupid" : 0,
      "error" : 0,
      "eta" : 0,
      "elapsed" : 57,
      "job options" : {
        "numjobs" : "1",
        "bssplit" : "4k/30:16K/60:64/10",
        "filename" : "bench"
      },
      "read" : {
        "io_bytes" : 3594210880,
        "io_kbytes" : 3509971,
        "bw_bytes" : 64169732,
        "bw" : 62665,
        "iops" : 8788.630805,
        "runtime" : 56011,
        "total_ios" : 492260,
        "short_ios" : 0,
        "drop_ios" : 0,
        "slat_ns" : {
          "min" : 0,
          "max" : 0,
          "mean" : 0.000000,
          "stddev" : 0.000000,
          "N" : 0
        },
        "clat_ns" : {
          "min" : 621,
          "max" : 7020832,
          "mean" : 72359.669717,
          "stddev" : 56450.410688,
          "N" : 492260,
          "percentile" : {
            "1.000000" : 1080,
            "5.000000" : 1368,
            "10.000000" : 1560,
            "20.000000" : 2040,
            "30.000000" : 6752,
            "40.000000" : 71168,
            "50.000000" : 74240,
            "60.000000" : 97792,
            "70.000000" : 108032,
            "80.000000" : 118272,
            "90.000000" : 129536,
            "95.000000" : 144384,
            "99.000000" : 171008,
            "99.500000" : 185344,
            "99.900000" : 378880,
            "99.950000" : 501760,
            "99.990000" : 872448
          }
        },
        "lat_ns" : {
          "min" : 681,
          "max" : 7020912,
          "mean" : 72433.648066,
          "stddev" : 56452.787236,
          "N" : 492260
        },
        "bw_min" : 3154,
        "bw_max" : 95121,
        "bw_agg" : 100.000000,
        "bw_mean" : 64176.814815,
        "bw_dev" : 14987.396418,
        "bw_samples" : 108,
        "iops_min" : 310,
        "iops_max" : 18620,
        "iops_mean" : 8947.629630,
        "iops_stddev" : 3853.331047,
        "iops_samples" : 108
      },
      "write" : {
        "io_bytes" : 1774498240,
        "io_kbytes" : 1732908,
        "bw_bytes" : 31681245,
        "bw" : 30938,
        "iops" : 4321.561836,
        "runtime" : 56011,
        "total_ios" : 242055,
        "short_ios" : 0,
        "drop_ios" : 0,
        "slat_ns" : {
          "min" : 0,
          "max" : 0,
          "mean" : 0.000000,
          "stddev" : 0.000000,
          "N" : 0
        },
        "clat_ns" : {
          "min" : 941,
          "max" : 6561992,
          "mean" : 65838.931499,
          "stddev" : 81581.898656,
          "N" : 242055,
          "percentile" : {
            "1.000000" : 1608,
            "5.000000" : 2128,
            "10.000000" : 2544,
            "20.000000" : 3600,
            "30.000000" : 5472,
            "40.000000" : 9536,
            "50.000000" : 72192,
            "60.000000" : 75264,
            "70.000000" : 79360,
            "80.000000" : 140288,
            "90.000000" : 148480,
            "95.000000" : 154624,
            "99.000000" : 252928,
            "99.500000" : 593920,
            "99.900000" : 790528,
            "99.950000" : 856064,
            "99.990000" : 1056768
          }
        },
        "lat_ns" : {
          "min" : 1002,
          "max" : 6562072,
          "mean" : 65980.343083,
          "stddev" : 81597.715776,
          "N" : 242055
        },
        "bw_min" : 1457,
        "bw_max" : 46432,
        "bw_agg" : 100.000000,
        "bw_mean" : 31683.129630,
        "bw_dev" : 7279.293099,
        "bw_samples" : 108,
        "iops_min" : 148,
        "iops_max" : 9046,
        "iops_mean" : 4399.981481,
        "iops_stddev" : 1889.925628,
        "iops_samples" : 108
      },
      "trim" : {
        "io_bytes" : 0,
        "io_kbytes" : 0,
        "bw_bytes" : 0,
        "bw" : 0,
        "iops" : 0.000000,
        "runtime" : 0,
        "total_ios" : 0,
        "short_ios" : 0,
        "drop_ios" : 0,
        "slat_ns" : {
          "min" : 0,
          "max" : 0,
          "mean" : 0.000000,
          "stddev" : 0.000000,
          "N" : 0
        },
        "clat_ns" : {
          "min" : 0,
          "max" : 0,
          "mean" : 0.000000,
          "stddev" : 0.000000,
          "N" : 0
        },
        "lat_ns" : {
          "min" : 0,
          "max" : 0,
          "mean" : 0.000000,
          "stddev" : 0.000000,
          "N" : 0
        },
        "bw_min" : 0,
        "bw_max" : 0,
        "bw_agg" : 0.000000,
        "bw_mean" : 0.000000,
        "bw_dev" : 0.000000,
        "bw_samples" : 0,
        "iops_min" : 0,
        "iops_max" : 0,
        "iops_mean" : 0.000000,
        "iops_stddev" : 0.000000,
        "iops_samples" : 0
      },
      "sync" : {
        "total_ios" : 0,
        "lat_ns" : {
          "min" : 0,
          "max" : 0,
          "mean" : 0.000000,
          "stddev" : 0.000000,
          "N" : 0
        }
      },
      "job_runtime" : 56010,
      "usr_cpu" : 2.112123,
      "sys_cpu" : 16.027495,
      "ctx" : 536424,
      "majf" : 0,
      "minf" : 18,
      "iodepth_level" : {
        "1" : 100.000000,
        "2" : 0.000000,
        "4" : 0.000000,
        "8" : 0.000000,
        "16" : 0.000000,
        "32" : 0.000000,
        ">=64" : 0.000000
      },
      "iodepth_submit" : {
        "0" : 0.000000,
        "4" : 100.000000,
        "8" : 0.000000,
        "16" : 0.000000,
        "32" : 0.000000,
        "64" : 0.000000,
        ">=64" : 0.000000
      },
      "iodepth_complete" : {
        "0" : 0.000000,
        "4" : 100.000000,
        "8" : 0.000000,
        "16" : 0.000000,
        "32" : 0.000000,
        "64" : 0.000000,
        ">=64" : 0.000000
      },
      "latency_ns" : {
        "2" : 0.000000,
        "4" : 0.000000,
        "10" : 0.000000,
        "20" : 0.000000,
        "50" : 0.000000,
        "100" : 0.000000,
        "250" : 0.000000,
        "500" : 0.000000,
        "750" : 0.063188,
        "1000" : 0.395062
      },
      "latency_us" : {
        "2" : 13.692217,
        "4" : 12.582066,
        "10" : 6.999040,
        "20" : 1.042604,
        "50" : 0.082662,
        "100" : 32.331629,
        "250" : 32.342523,
        "500" : 0.178942,
        "750" : 0.229193,
        "1000" : 0.052566
      },
      "latency_ms" : {
        "2" : 0.010000,
        "4" : 0.010000,
        "10" : 0.010000,
        "20" : 0.000000,
        "50" : 0.000000,
        "100" : 0.000000,
        "250" : 0.000000,
        "500" : 0.000000,
        "750" : 0.000000,
        "1000" : 0.000000,
        "2000" : 0.000000,
        ">=2000" : 0.000000
      },
      "latency_depth" : 1,
      "latency_target" : 0,
      "latency_percentile" : 100.000000,
      "latency_window" : 0
    }
  ],
  "disk_util" : [
    {
      "name" : "nvme0n1",
      "read_ios" : 531390,
      "write_ios" : 110330,
      "read_merges" : 0,
      "write_merges" : 114,
      "read_ticks" : 44516,
      "write_ticks" : 245243,
      "in_queue" : 289767,
      "util" : 98.446578
    }
  ]
}
