{
  "fio version" : "fio-3.33",
  "timestamp" : 1698796085,
  "timestamp_ms" : 1698796085485,
  "time" : "Wed Nov  1 00:48:05 2023",
  "global options" : {
    "runtime" : "60",
    "direct" : "1",
    "directory" : "./",
    "rwmixwrite" : "33",
    "filesize" : "1G",
    "rw" : "randrw",
    "loops" : "5"
  },
  "jobs" : [
    {
      "jobname" : "job0.0",
      "groupid" : 0,
      "error" : 0,
      "eta" : 0,
      "elapsed" : 61,
      "job options" : {
        "numjobs" : "1",
        "rw" : "randread",
        "bs" : "4K",
        "filename" : "bench"
      },
      "read" : {
        "io_bytes" : 1231228928,
        "io_kbytes" : 1202372,
        "bw_bytes" : 20520140,
        "bw" : 20039,
        "iops" : 5009.799837,
        "runtime" : 60001,
        "total_ios" : 300593,
        "short_ios" : 0,
        "drop_ios" : 0,
        "slat_ns" : {
          "min" : 0,
          "max" : 0,
          "mean" : 0.000000,
          "stddev" : 0.000000,
          "N" : 0
        },
        "clat_ns" : {
          "min" : 109392,
          "max" : 5502331,
          "mean" : 198457.192163,
          "stddev" : 96796.740628,
          "N" : 300593,
          "percentile" : {
            "1.000000" : 129536,
            "5.000000" : 138240,
            "10.000000" : 146432,
            "20.000000" : 160768,
            "30.000000" : 164864,
            "40.000000" : 171008,
            "50.000000" : 177152,
            "60.000000" : 183296,
            "70.000000" : 193536,
            "80.000000" : 209920,
            "90.000000" : 248832,
            "95.000000" : 305152,
            "99.000000" : 667648,
            "99.500000" : 856064,
            "99.900000" : 1138688,
            "99.950000" : 1269760,
            "99.990000" : 1908736
          }
        },
        "lat_ns" : {
          "min" : 109452,
          "max" : 5502451,
          "mean" : 198544.247754,
          "stddev" : 96800.931778,
          "N" : 300593
        },
        "bw_min" : 15632,
        "bw_max" : 22656,
        "bw_agg" : 12.748602,
        "bw_mean" : 20028.949580,
        "bw_dev" : 1049.345388,
        "bw_samples" : 119,
        "iops_min" : 3908,
        "iops_max" : 5664,
        "iops_mean" : 5007.235294,
        "iops_stddev" : 262.333424,
        "iops_samples" : 119
      },
      "write" : {
        "io_bytes" : 0,
        "io_kbytes" : 0,
        "bw_bytes" : 0,
        "bw" : 0,
        "iops" : 0.000000,
        "runtime" : 0,
        "total_ios" : 0,
        "short_ios" : 0,
        "drop_ios" : 0,
        "slat_ns" : {
          "min" : 0,
          "max" : 0,
          "mean" : 0.000000,
          "stddev" : 0.000000,
          "N" : 0
        },
        "clat_ns" : {
          "min" : 0,
          "max" : 0,
          "mean" : 0.000000,
          "stddev" : 0.000000,
          "N" : 0
        },
        "lat_ns" : {
          "min" : 0,
          "max" : 0,
          "mean" : 0.000000,
          "stddev" : 0.000000,
          "N" : 0
        },
        "bw_min" : 0,
        "bw_max" : 0,
        "bw_agg" : 0.000000,
        "bw_mean" : 0.000000,
        "bw_dev" : 0.000000,
        "bw_samples" : 0,
        "iops_min" : 0,
        "iops_max" : 0,
        "iops_mean" : 0.000000,
        "iops_stddev" : 0.000000,
        "iops_samples" : 0
      },
      "trim" : {
        "io_bytes" : 0,
        "io_kbytes" : 0,
        "bw_bytes" : 0,
        "bw" : 0,
        "iops" : 0.000000,
        "runtime" : 0,
        "total_ios" : 0,
        "short_ios" : 0,
        "drop_ios" : 0,
        "slat_ns" : {
          "min" : 0,
          "max" : 0,
          "mean" : 0.000000,
          "stddev" : 0.000000,
          "N" : 0
        },
        "clat_ns" : {
          "min" : 0,
          "max" : 0,
          "mean" : 0.000000,
          "stddev" : 0.000000,
          "N" : 0
        },
        "lat_ns" : {
          "min" : 0,
          "max" : 0,
          "mean" : 0.000000,
          "stddev" : 0.000000,
          "N" : 0
        },
        "bw_min" : 0,
        "bw_max" : 0,
        "bw_agg" : 0.000000,
        "bw_mean" : 0.000000,
        "bw_dev" : 0.000000,
        "bw_samples" : 0,
        "iops_min" : 0,
        "iops_max" : 0,
        "iops_mean" : 0.000000,
        "iops_stddev" : 0.000000,
        "iops_samples" : 0
      },
      "sync" : {
        "total_ios" : 0,
        "lat_ns" : {
          "min" : 0,
          "max" : 0,
          "mean" : 0.000000,
          "stddev" : 0.000000,
          "N" : 0
        }
      },
      "job_runtime" : 60000,
      "usr_cpu" : 0.876667,
      "sys_cpu" : 8.383333,
      "ctx" : 300675,
      "majf" : 0,
      "minf" : 11,
      "iodepth_level" : {
        "1" : 100.000000,
        "2" : 0.000000,
        "4" : 0.000000,
        "8" : 0.000000,
        "16" : 0.000000,
        "32" : 0.000000,
        ">=64" : 0.000000
      },
      "iodepth_submit" : {
        "0" : 0.000000,
        "4" : 100.000000,
        "8" : 0.000000,
        "16" : 0.000000,
        "32" : 0.000000,
        "64" : 0.000000,
        ">=64" : 0.000000
      },
      "iodepth_complete" : {
        "0" : 0.000000,
        "4" : 100.000000,
        "8" : 0.000000,
        "16" : 0.000000,
        "32" : 0.000000,
        "64" : 0.000000,
        ">=64" : 0.000000
      },
      "latency_ns" : {
        "2" : 0.000000,
        "4" : 0.000000,
        "10" : 0.000000,
        "20" : 0.000000,
        "50" : 0.000000,
        "100" : 0.000000,
        "250" : 0.000000,
        "500" : 0.000000,
        "750" : 0.000000,
        "1000" : 0.000000
      },
      "latency_us" : {
        "2" : 0.000000,
        "4" : 0.000000,
        "10" : 0.000000,
        "20" : 0.000000,
        "50" : 0.000000,
        "100" : 0.000000,
        "250" : 90.375025,
        "500" : 7.851813,
        "750" : 1.009671,
        "1000" : 0.509992
      },
      "latency_ms" : {
        "2" : 0.245182,
        "4" : 0.010000,
        "10" : 0.010000,
        "20" : 0.000000,
        "50" : 0.000000,
        "100" : 0.000000,
        "250" : 0.000000,
        "500" : 0.000000,
        "750" : 0.000000,
        "1000" : 0.000000,
        "2000" : 0.000000,
        ">=2000" : 0.000000
      },
      "latency_depth" : 1,
      "latency_target" : 0,
      "latency_percentile" : 100.000000,
      "latency_window" : 0
    },
    {
      "jobname" : "job1.0",
      "groupid" : 0,
      "error" : 0,
      "eta" : 0,
      "elapsed" : 61,
      "job options" : {
        "numjobs" : "1",
        "rw" : "randread",
        "bs" : "16K",
        "filename" : "bench"
      },
      "read" : {
        "io_bytes" : 3052421120,
        "io_kbytes" : 2980880,
        "bw_bytes" : 50872837,
        "bw" : 49680,
        "iops" : 3105.031583,
        "runtime" : 60001,
        "total_ios" : 186305,
        "short_ios" : 0,
        "drop_ios" : 0,
        "slat_ns" : {
          "min" : 0,
          "max" : 0,
          "mean" : 0.000000,
          "stddev" : 0.000000,
          "N" : 0
        },
        "clat_ns" : {
          "min" : 170536,
          "max" : 5115164,
          "mean" : 320698.167274,
          "stddev" : 116962.359861,
          "N" : 186305,
          "percentile" : {
            "1.000000" : 203776,
            "5.000000" : 222208,
            "10.000000" : 234496,
            "20.000000" : 246784,
            "30.000000" : 259072,
            "40.000000" : 276480,
            "50.000000" : 301056,
            "60.000000" : 317440,
            "70.000000" : 333824,
            "80.000000" : 370688,
            "90.000000" : 432128,
            "95.000000" : 473088,
            "99.000000" : 806912,
            "99.500000" : 1044480,
            "99.900000" : 1417216,
            "99.950000" : 1646592,
            "99.990000" : 2113536
          }
        },
        "lat_ns" : {
          "min" : 170646,
          "max" : 5115244,
          "mean" : 320801.930888,
          "stddev" : 116968.477734,
          "N" : 186305
        },