{
  "fio version" : "fio-3.33",
  "timestamp" : 1698764218,
  "timestamp_ms" : 1698764218801,
  "time" : "Tue Oct 31 15:56:58 2023",
  "global options" : {
    "runtime" : "60",
    "direct" : "0",
    "directory" : "./",
    "rwmixwrite" : "33",
    "filesize" : "1G",
    "rw" : "randrw",
    "loops" : "5"
  },
  "jobs" : [
    {
      "jobname" : "job0.0",
      "groupid" : 0,
      "error" : 0,
      "eta" : 0,
      "elapsed" : 61,
      "job options" : {
        "numjobs" : "1",
        "rw" : "randread",
        "bs" : "4K",
        "filename" : "bench"
      },
      "read" : {
        "io_bytes" : 2749345792,
        "io_kbytes" : 2684908,
        "bw_bytes" : 45821666,
        "bw" : 44747,
        "iops" : 11186.930218,
        "runtime" : 60001,
        "total_ios" : 671227,
        "short_ios" : 0,
        "drop_ios" : 0,
        "slat_ns" : {
          "min" : 0,
          "max" : 0,
          "mean" : 0.000000,
          "stddev" : 0.000000,
          "N" : 0
        },
        "clat_ns" : {
          "min" : 1082,
          "max" : 1976314,
          "mean" : 87515.400407,
          "stddev" : 110388.391211,
          "N" : 671227,
          "percentile" : {
            "1.000000" : 1480,
            "5.000000" : 1640,
            "10.000000" : 1720,
            "20.000000" : 1848,
            "30.000000" : 1976,
            "40.000000" : 2128,
            "50.000000" : 2480,
            "60.000000" : 156672,
            "70.000000" : 168960,
            "80.000000" : 183296,
            "90.000000" : 207872,
            "95.000000" : 244736,
            "99.000000" : 411648,
            "99.500000" : 544768,
            "99.900000" : 831488,
            "99.950000" : 946176,
            "99.990000" : 1171456
          }
        },
        "lat_ns" : {
          "min" : 1122,
          "max" : 1976374,
          "mean" : 87598.779023,
          "stddev" : 110394.627181,
          "N" : 671227
        },
        "bw_min" : 9400,
        "bw_max" : 152016,
        "bw_agg" : 20.738171,
        "bw_mean" : 44509.386555,
        "bw_dev" : 32452.110823,
        "bw_samples" : 119,
        "iops_min" : 2350,
        "iops_max" : 38004,
        "iops_mean" : 11127.336134,
        "iops_stddev" : 8113.021637,
        "iops_samples" : 119
      },
      "write" : {
        "io_bytes" : 0,
        "io_kbytes" : 0,
        "bw_bytes" : 0,
        "bw" : 0,
        "iops" : 0.000000,
        "runtime" : 0,
        "total_ios" : 0,
        "short_ios" : 0,
        "drop_ios" : 0,
        "slat_ns" : {
          "min" : 0,
          "max" : 0,
          "mean" : 0.000000,
          "stddev" : 0.000000,
          "N" : 0
        },
        "clat_ns" : {
          "min" : 0,
          "max" : 0,
          "mean" : 0.000000,
          "stddev" : 0.000000,
          "N" : 0
        },
        "lat_ns" : {
          "min" : 0,
          "max" : 0,
          "mean" : 0.000000,
          "stddev" : 0.000000,
          "N" : 0
        },
        "bw_min" : 0,
        "bw_max" : 0,
        "bw_agg" : 0.000000,
        "bw_mean" : 0.000000,
        "bw_dev" : 0.000000,
        "bw_samples" : 0,
        "iops_min" : 0,
        "iops_max" : 0,
        "iops_mean" : 0.000000,
        "iops_stddev" : 0.000000,
        "iops_samples" : 0
      },
      "trim" : {
        "io_bytes" : 0,
        "io_kbytes" : 0,
        "bw_bytes" : 0,
        "bw" : 0,
        "iops" : 0.000000,
        "runtime" : 0,
        "total_ios" : 0,
        "short_ios" : 0,
        "drop_ios" : 0,
        "slat_ns" : {
          "min" : 0,
          "max" : 0,
          "mean" : 0.000000,
          "stddev" : 0.000000,
          "N" : 0
        },
        "clat_ns" : {
          "min" : 0,
          "max" : 0,
          "mean" : 0.000000,
          "stddev" : 0.000000,
          "N" : 0
        },
        "lat_ns" : {
          "min" : 0,
          "max" : 0,
          "mean" : 0.000000,
          "stddev" : 0.000000,
          "N" : 0
        },
        "bw_min" : 0,
        "bw_max" : 0,
        "bw_agg" : 0.000000,
        "bw_mean" : 0.000000,
        "bw_dev" : 0.000000,
        "bw_samples" : 0,
        "iops_min" : 0,
        "iops_max" : 0,
        "iops_mean" : 0.000000,
        "iops_stddev" : 0.000000,
        "iops_samples" : 0
      },
      "sync" : {
        "total_ios" : 0,
        "lat_ns" : {
          "min" : 0,
          "max" : 0,
          "mean" : 0.000000,
          "stddev" : 0.000000,
          "N" : 0
        }
      },
      "job_runtime" : 60000,
      "usr_cpu" : 1.451667,
      "sys_cpu" : 12.043333,
      "ctx" : 291886,
      "majf" : 0,
      "minf" : 11,
      "iodepth_level" : {
        "1" : 100.000000,
        "2" : 0.000000,
        "4" : 0.000000,
        "8" : 0.000000,
        "16" : 0.000000,
        "32" : 0.000000,
        ">=64" : 0.000000
      },
      "iodepth_submit" : {
        "0" : 0.000000,
        "4" : 100.000000,
        "8" : 0.000000,
        "16" : 0.000000,
        "32" : 0.000000,
        "64" : 0.000000,
        ">=64" : 0.000000
      },
      "iodepth_complete" : {
        "0" : 0.000000,
        "4" : 100.000000,
        "8" : 0.000000,
        "16" : 0.000000,
        "32" : 0.000000,
        "64" : 0.000000,
        ">=64" : 0.000000
      },
      "latency_ns" : {
        "2" : 0.000000,
        "4" : 0.000000,
        "10" : 0.000000,
        "20" : 0.000000,
        "50" : 0.000000,
        "100" : 0.000000,
        "250" : 0.000000,
        "500" : 0.000000,
        "750" : 0.000000,
        "1000" : 0.000000
      },
      "latency_us" : {
        "2" : 32.157377,
        "4" : 24.061309,
        "10" : 0.651047,
        "20" : 0.057209,
        "50" : 0.012514,
        "100" : 0.010000,
        "250" : 38.650859,
        "500" : 3.758192,
        "750" : 0.496702,
        "1000" : 0.115311
      },
      "latency_ms" : {
        "2" : 0.038437,
        "4" : 0.000000,
        "10" : 0.000000,
        "20" : 0.000000,
        "50" : 0.000000,
        "100" : 0.000000,
        "250" : 0.000000,
        "500" : 0.000000,
        "750" : 0.000000,
        "1000" : 0.000000,
        "2000" : 0.000000,
        ">=2000" : 0.000000
      },
      "latency_depth" : 1,
      "latency_target" : 0,
      "latency_percentile" : 100.000000,
      "latency_window" : 0
    },
    {
      "jobname" : "job1.0",
      "groupid" : 0,
      "error" : 0,
      "eta" : 0,
      "elapsed" : 61,
      "job options" : {
        "numjobs" : "1",
        "rw" : "randread",
        "bs" : "16K",
        "filename" : "bench"
      },
      "read" : {
        "io_bytes" : 5068636160,
        "io_kbytes" : 4949840,
        "bw_bytes" : 84475861,
        "bw" : 82495,
        "iops" : 5155.997400,
        "runtime" : 60001,
        "total_ios" : 309365,
        "short_ios" : 0,
        "drop_ios" : 0,
        "slat_ns" : {
          "min" : 0,
          "max" : 0,
          "mean" : 0.000000,
          "stddev" : 0.000000,
          "N" : 0
        },
        "clat_ns" : {
          "min" : 2074,
          "max" : 2034156,
          "mean" : 190786.113701,
          "stddev" : 163234.791310,
          "N" : 309365,
          "percentile" : {
            "1.000000" : 2960,
            "5.000000" : 3280,
            "10.000000" : 3504,
            "20.000000" : 3888,
            "30.000000" : 4448,
            "40.000000" : 195584,
            "50.000000" : 246784,
            "60.000000" : 264192,
            "70.000000" : 292864,
            "80.000000" : 317440,
            "90.000000" : 354304,
            "95.000000" : 403456,
            "99.000000" : 602112,
            "99.500000" : 741376,
            "99.900000" : 1056768,
            "99.950000" : 1171456,
            "99.990000" : 1449984
          }
        },
        "lat_ns" : {
          "min" : 2114,
          "max" : 2034216,
          "mean" : 190887.718100,
          "stddev" : 163244.295006,
          "N" : 309365
        },
        "bw_min" : 25280,