{
  "fio version" : "fio-3.28",
  "timestamp" : 1698534972,
  "timestamp_ms" : 1698534972600,
  "time" : "Sun Oct 29 01:16:12 2023",
  "global options" : {
    "runtime" : "60",
    "direct" : "0",
    "directory" : "./",
    "rwmixwrite" : "33",
    "filesize" : "1G",
    "rw" : "randrw",
    "loops" : "5"
  },
  "jobs" : [
    {
      "jobname" : "job0.0",
      "groupid" : 0,
      "error" : 0,
      "eta" : 0,
      "elapsed" : 59,
      "job options" : {
        "numjobs" : "1",
        "bssplit" : "4k/30:16K/60:64/10",
        "filename" : "bench"
      },
      "read" : {
        "io_bytes" : 3594210880,
        "io_kbytes" : 3509971,
        "bw_bytes" : 61902980,
        "bw" : 60452,
        "iops" : 8478.178499,
        "runtime" : 58062,
        "total_ios" : 492260,
        "short_ios" : 0,
        "drop_ios" : 0,
        "slat_ns" : {
          "min" : 0,
          "max" : 0,
          "mean" : 0.000000,
          "stddev" : 0.000000,
          "N" : 0
        },
        "clat_ns" : {
          "min" : 621,
          "max" : 6502039,
          "mean" : 75515.945671,
          "stddev" : 61213.965852,
          "N" : 492260,
          "percentile" : {
            "1.000000" : 1096,
            "5.000000" : 1384,
            "10.000000" : 1592,
            "20.000000" : 2064,
            "30.000000" : 6816,
            "40.000000" : 72192,
            "50.000000" : 78336,
            "60.000000" : 99840,
            "70.000000" : 112128,
            "80.000000" : 123392,
            "90.000000" : 136192,
            "95.000000" : 152576,
            "99.000000" : 179200,
            "99.500000" : 199680,
            "99.900000" : 395264,
            "99.950000" : 481280,
            "99.990000" : 815104
          }
        },
        "lat_ns" : {
          "min" : 681,
          "max" : 6502129,
          "mean" : 75607.498340,
          "stddev" : 61221.092240,
          "N" : 492260
        },
        "bw_min" : 15412,
        "bw_max" : 93928,
        "bw_agg" : 100.000000,
        "bw_mean" : 62660.482143,
        "bw_dev" : 14352.687399,
        "bw_samples" : 112,
        "iops_min" : 1498,
        "iops_max" : 19166,
        "iops_mean" : 8786.937500,
        "iops_stddev" : 3920.676930,
        "iops_samples" : 112
      },
      "write" : {
        "io_bytes" : 1774498240,
        "io_kbytes" : 1732908,
        "bw_bytes" : 30562127,
        "bw" : 29845,
        "iops" : 4168.905653,
        "runtime" : 58062,
        "total_ios" : 242055,
        "short_ios" : 0,
        "drop_ios" : 0,
        "slat_ns" : {
          "min" : 0,
          "max" : 0,
          "mean" : 0.000000,
          "stddev" : 0.000000,
          "N" : 0
        },
        "clat_ns" : {
          "min" : 931,
          "max" : 6264442,
          "mean" : 67372.571994,
          "stddev" : 83390.846443,
          "N" : 242055,
          "percentile" : {
            "1.000000" : 1592,
            "5.000000" : 2096,
            "10.000000" : 2544,
            "20.000000" : 3568,
            "30.000000" : 5408,
            "40.000000" : 9536,
            "50.000000" : 72192,
            "60.000000" : 76288,
            "70.000000" : 81408,
            "80.000000" : 142336,
            "90.000000" : 152576,
            "95.000000" : 156672,
            "99.000000" : 325632,
            "99.500000" : 610304,
            "99.900000" : 839680,
            "99.950000" : 905216,
            "99.990000" : 1073152
          }
        },
        "lat_ns" : {
          "min" : 1001,
          "max" : 6264763,
          "mean" : 67528.133371,
          "stddev" : 83411.961107,
          "N" : 242055
        },
        "bw_min" : 8671,
        "bw_max" : 46533,
        "bw_agg" : 100.000000,
        "bw_mean" : 30935.928571,
        "bw_dev" : 6934.311982,
        "bw_samples" : 112,
        "iops_min" : 796,
        "iops_max" : 9374,
        "iops_mean" : 4320.705357,
        "iops_stddev" : 1915.394188,
        "iops_samples" : 112
      },
      "trim" : {
        "io_bytes" : 0,
        "io_kbytes" : 0,
        "bw_bytes" : 0,
        "bw" : 0,
        "iops" : 0.000000,
        "runtime" : 0,
        "total_ios" : 0,
        "short_ios" : 0,
        "drop_ios" : 0,
        "slat_ns" : {
          "min" : 0,
          "max" : 0,
          "mean" : 0.000000,
          "stddev" : 0.000000,
          "N" : 0
        },
        "clat_ns" : {
          "min" : 0,
          "max" : 0,
          "mean" : 0.000000,
          "stddev" : 0.000000,
          "N" : 0
        },
        "lat_ns" : {
          "min" : 0,
          "max" : 0,
          "mean" : 0.000000,
          "stddev" : 0.000000,
          "N" : 0
        },
        "bw_min" : 0,
        "bw_max" : 0,
        "bw_agg" : 0.000000,
        "bw_mean" : 0.000000,
        "bw_dev" : 0.000000,
        "bw_samples" : 0,
        "iops_min" : 0,
        "iops_max" : 0,
        "iops_mean" : 0.000000,
        "iops_stddev" : 0.000000,
        "iops_samples" : 0
      },
      "sync" : {
        "total_ios" : 0,
        "lat_ns" : {
          "min" : 0,
          "max" : 0,
          "mean" : 0.000000,
          "stddev" : 0.000000,
          "N" : 0
        }
      },
      "job_runtime" : 58061,
      "usr_cpu" : 2.003066,
      "sys_cpu" : 15.492327,
      "ctx" : 537074,
      "majf" : 0,
      "minf" : 18,
      "iodepth_level" : {
        "1" : 100.000000,
        "2" : 0.000000,
        "4" : 0.000000,
        "8" : 0.000000,
        "16" : 0.000000,
        "32" : 0.000000,
        ">=64" : 0.000000
      },
      "iodepth_submit" : {
        "0" : 0.000000,
        "4" : 100.000000,
        "8" : 0.000000,
        "16" : 0.000000,
        "32" : 0.000000,
        "64" : 0.000000,
        ">=64" : 0.000000
      },
      "iodepth_complete" : {
        "0" : 0.000000,
        "4" : 100.000000,
        "8" : 0.000000,
        "16" : 0.000000,
        "32" : 0.000000,
        "64" : 0.000000,
        ">=64" : 0.000000
      },
      "latency_ns" : {
        "2" : 0.000000,
        "4" : 0.000000,
        "10" : 0.000000,
        "20" : 0.000000,
        "50" : 0.000000,
        "100" : 0.000000,
        "250" : 0.000000,
        "500" : 0.000000,
        "750" : 0.056379,
        "1000" : 0.355297
      },
      "latency_us" : {
        "2" : 13.458257,
        "4" : 12.899641,
        "10" : 6.928089,
        "20" : 1.081280,
        "50" : 0.073674,
        "100" : 30.528179,
        "250" : 34.064945,
        "500" : 0.258064,
        "750" : 0.219933,
        "1000" : 0.065912
      },
      "latency_ms" : {
        "2" : 0.010000,
        "4" : 0.010000,
        "10" : 0.010000,
        "20" : 0.000000,
        "50" : 0.000000,
        "100" : 0.000000,
        "250" : 0.000000,
        "500" : 0.000000,
        "750" : 0.000000,
        "1000" : 0.000000,
        "2000" : 0.000000,
        ">=2000" : 0.000000
      },
      "latency_depth" : 1,
      "latency_target" : 0,
      "latency_percentile" : 100.000000,
      "latency_window" : 0
    }
  ],
  "disk_util" : [
    {
      "name" : "nvme0n1",
      "read_ios" : 530940,
      "write_ios" : 120388,
      "read_merges" : 0,
      "write_merges" : 142,
      "read_ticks" : 46364,
      "write_ticks" : 234293,
      "in_queue" : 280677,
      "util" : 98.460583
    }
  ]
}
