{
  "fio version" : "fio-3.33",
  "timestamp" : 1698749168,
  "timestamp_ms" : 1698749168446,
  "time" : "Tue Oct 31 11:46:08 2023",
  "global options" : {
    "runtime" : "60",
    "direct" : "0",
    "directory" : "./",
    "rwmixwrite" : "33",
    "filesize" : "1G",
    "rw" : "randrw",
    "loops" : "5"
  },
  "jobs" : [
    {
      "jobname" : "job0.0",
      "groupid" : 0,
      "error" : 0,
      "eta" : 0,
      "elapsed" : 61,
      "job options" : {
        "numjobs" : "1",
        "rw" : "randread",
        "bssplit" : "4K/30:16K/60:64K/10",
        "filename" : "bench"
      },
      "read" : {
        "io_bytes" : 2568384512,
        "io_kbytes" : 2508188,
        "bw_bytes" : 42805695,
        "bw" : 41802,
        "iops" : 3442.475959,
        "runtime" : 60001,
        "total_ios" : 206552,
        "short_ios" : 0,
        "drop_ios" : 0,
        "slat_ns" : {
          "min" : 0,
          "max" : 0,
          "mean" : 0.000000,
          "stddev" : 0.000000,
          "N" : 0
        },
        "clat_ns" : {
          "min" : 1673,
          "max" : 34866126,
          "mean" : 284842.954883,
          "stddev" : 333249.191575,
          "N" : 206552,
          "percentile" : {
            "1.000000" : 2704,
            "5.000000" : 3952,
            "10.000000" : 6240,
            "20.000000" : 199680,
            "30.000000" : 224256,
            "40.000000" : 244736,
            "50.000000" : 280576,
            "60.000000" : 309248,
            "70.000000" : 333824,
            "80.000000" : 366592,
            "90.000000" : 415744,
            "95.000000" : 493568,
            "99.000000" : 831488,
            "99.500000" : 1028096,
            "99.900000" : 1826816,
            "99.950000" : 3031040,
            "99.990000" : 17170432
          }
        },
        "lat_ns" : {
          "min" : 1734,
          "max" : 34866516,
          "mean" : 284976.251409,
          "stddev" : 333257.658542,
          "N" : 206552
        },
        "bw_min" : 21360,
        "bw_max" : 52728,
        "bw_agg" : 100.000000,
        "bw_mean" : 41833.411765,
        "bw_dev" : 6833.216710,
        "bw_samples" : 119,
        "iops_min" : 1164,
        "iops_max" : 5624,
        "iops_mean" : 3446.756303,
        "iops_stddev" : 813.812330,
        "iops_samples" : 119
      },
      "write" : {
        "io_bytes" : 0,
        "io_kbytes" : 0,
        "bw_bytes" : 0,
        "bw" : 0,
        "iops" : 0.000000,
        "runtime" : 0,
        "total_ios" : 0,
        "short_ios" : 0,
        "drop_ios" : 0,
        "slat_ns" : {
          "min" : 0,
          "max" : 0,
          "mean" : 0.000000,
          "stddev" : 0.000000,
          "N" : 0
        },
        "clat_ns" : {
          "min" : 0,
          "max" : 0,
          "mean" : 0.000000,
          "stddev" : 0.000000,
          "N" : 0
        },
        "lat_ns" : {
          "min" : 0,
          "max" : 0,
          "mean" : 0.000000,
          "stddev" : 0.000000,
          "N" : 0
        },
        "bw_min" : 0,
        "bw_max" : 0,
        "bw_agg" : 0.000000,
        "bw_mean" : 0.000000,
        "bw_dev" : 0.000000,
        "bw_samples" : 0,
        "iops_min" : 0,
        "iops_max" : 0,
        "iops_mean" : 0.000000,
        "iops_stddev" : 0.000000,
        "iops_samples" : 0
      },
      "trim" : {
        "io_bytes" : 0,
        "io_kbytes" : 0,
        "bw_bytes" : 0,
        "bw" : 0,
        "iops" : 0.000000,
        "runtime" : 0,
        "total_ios" : 0,
        "short_ios" : 0,
        "drop_ios" : 0,
        "slat_ns" : {
          "min" : 0,
          "max" : 0,
          "mean" : 0.000000,
          "stddev" : 0.000000,
          "N" : 0
        },
        "clat_ns" : {
          "min" : 0,
          "max" : 0,
          "mean" : 0.000000,
          "stddev" : 0.000000,
          "N" : 0
        },
        "lat_ns" : {
          "min" : 0,
          "max" : 0,
          "mean" : 0.000000,
          "stddev" : 0.000000,
          "N" : 0
        },
        "bw_min" : 0,
        "bw_max" : 0,
        "bw_agg" : 0.000000,
        "bw_mean" : 0.000000,
        "bw_dev" : 0.000000,
        "bw_samples" : 0,
        "iops_min" : 0,
        "iops_max" : 0,
        "iops_mean" : 0.000000,
        "iops_stddev" : 0.000000,
        "iops_samples" : 0
      },
      "sync" : {
        "total_ios" : 0,
        "lat_ns" : {
          "min" : 0,
          "max" : 0,
          "mean" : 0.000000,
          "stddev" : 0.000000,
          "N" : 0
        }
      },
      "job_runtime" : 60000,
      "usr_cpu" : 0.906667,
      "sys_cpu" : 17.885000,
      "ctx" : 203844,
      "majf" : 0,
      "minf" : 23,
      "iodepth_level" : {
        "1" : 100.000000,
        "2" : 0.000000,
        "4" : 0.000000,
        "8" : 0.000000,
        "16" : 0.000000,
        "32" : 0.000000,
        ">=64" : 0.000000
      },
      "iodepth_submit" : {
        "0" : 0.000000,
        "4" : 100.000000,
        "8" : 0.000000,
        "16" : 0.000000,
        "32" : 0.000000,
        "64" : 0.000000,
        ">=64" : 0.000000
      },
      "iodepth_complete" : {
        "0" : 0.000000,
        "4" : 100.000000,
        "8" : 0.000000,
        "16" : 0.000000,
        "32" : 0.000000,
        "64" : 0.000000,
        ">=64" : 0.000000
      },
      "latency_ns" : {
        "2" : 0.000000,
        "4" : 0.000000,
        "10" : 0.000000,
        "20" : 0.000000,
        "50" : 0.000000,
        "100" : 0.000000,
        "250" : 0.000000,
        "500" : 0.000000,
        "750" : 0.000000,
        "1000" : 0.000000
      },
      "latency_us" : {
        "2" : 0.045993,
        "4" : 5.041830,
        "10" : 6.428405,
        "20" : 0.319048,
        "50" : 0.028080,
        "100" : 0.010000,
        "250" : 30.185619,
        "500" : 53.160947,
        "750" : 3.410763,
        "1000" : 0.829815
      },
      "latency_ms" : {
        "2" : 0.456059,
        "4" : 0.051319,
        "10" : 0.019366,
        "20" : 0.011619,
        "50" : 0.010000,
        "100" : 0.000000,
        "250" : 0.000000,
        "500" : 0.000000,
        "750" : 0.000000,
        "1000" : 0.000000,
        "2000" : 0.000000,
        ">=2000" : 0.000000
      },
      "latency_depth" : 1,
      "latency_target" : 0,
      "latency_percentile" : 100.000000,
      "latency_window" : 0
    }
  ]
}
