{
  "fio version" : "fio-3.33",
  "timestamp" : 1698795980,
  "timestamp_ms" : 1698795980201,
  "time" : "Wed Nov  1 00:46:20 2023",
  "global options" : {
    "runtime" : "60",
    "direct" : "1",
    "directory" : "./",
    "rwmixwrite" : "33",
    "filesize" : "1G",
    "rw" : "randrw",
    "loops" : "5"
  },
  "jobs" : [
    {
      "jobname" : "job0.0",
      "groupid" : 0,
      "error" : 0,
      "eta" : 0,
      "elapsed" : 61,
      "job options" : {
        "numjobs" : "1",
        "rw" : "randread",
        "bssplit" : "4K/30:16K/60:64K/10",
        "filename" : "bench"
      },
      "read" : {
        "io_bytes" : 2605314048,
        "io_kbytes" : 2544252,
        "bw_bytes" : 43421177,
        "bw" : 42403,
        "iops" : 3491.758471,
        "runtime" : 60001,
        "total_ios" : 209509,
        "short_ios" : 0,
        "drop_ios" : 0,
        "slat_ns" : {
          "min" : 0,
          "max" : 0,
          "mean" : 0.000000,
          "stddev" : 0.000000,
          "N" : 0
        },
        "clat_ns" : {
          "min" : 113360,
          "max" : 7102645,
          "mean" : 285042.112410,
          "stddev" : 139972.721699,
          "N" : 209509,
          "percentile" : {
            "1.000000" : 152576,
            "5.000000" : 160768,
            "10.000000" : 179200,
            "20.000000" : 185344,
            "30.000000" : 199680,
            "40.000000" : 226304,
            "50.000000" : 268288,
            "60.000000" : 288768,
            "70.000000" : 321536,
            "80.000000" : 354304,
            "90.000000" : 415744,
            "95.000000" : 473088,
            "99.000000" : 823296,
            "99.500000" : 1073152,
            "99.900000" : 1433600,
            "99.950000" : 1482752,
            "99.990000" : 3883008
          }
        },
        "lat_ns" : {
          "min" : 113470,
          "max" : 7102745,
          "mean" : 285156.574085,
          "stddev" : 139979.497858,
          "N" : 209509
        },
        "bw_min" : 26624,
        "bw_max" : 51984,
        "bw_agg" : 100.000000,
        "bw_mean" : 42411.294118,
        "bw_dev" : 4924.709270,
        "bw_samples" : 119,
        "iops_min" : 2480,
        "iops_max" : 4034,
        "iops_mean" : 3492.470588,
        "iops_stddev" : 314.508463,
        "iops_samples" : 119
      },
      "write" : {
        "io_bytes" : 0,
        "io_kbytes" : 0,
        "bw_bytes" : 0,
        "bw" : 0,
        "iops" : 0.000000,
        "runtime" : 0,
        "total_ios" : 0,
        "short_ios" : 0,
        "drop_ios" : 0,
        "slat_ns" : {
          "min" : 0,
          "max" : 0,
          "mean" : 0.000000,
          "stddev" : 0.000000,
          "N" : 0
        },
        "clat_ns" : {
          "min" : 0,
          "max" : 0,
          "mean" : 0.000000,
          "stddev" : 0.000000,
          "N" : 0
        },
        "lat_ns" : {
          "min" : 0,
          "max" : 0,
          "mean" : 0.000000,
          "stddev" : 0.000000,
          "N" : 0
        },
        "bw_min" : 0,
        "bw_max" : 0,
        "bw_agg" : 0.000000,
        "bw_mean" : 0.000000,
        "bw_dev" : 0.000000,
        "bw_samples" : 0,
        "iops_min" : 0,
        "iops_max" : 0,
        "iops_mean" : 0.000000,
        "iops_stddev" : 0.000000,
        "iops_samples" : 0
      },
      "trim" : {
        "io_bytes" : 0,
        "io_kbytes" : 0,
        "bw_bytes" : 0,
        "bw" : 0,
        "iops" : 0.000000,
        "runtime" : 0,
        "total_ios" : 0,
        "short_ios" : 0,
        "drop_ios" : 0,
        "slat_ns" : {
          "min" : 0,
          "max" : 0,
          "mean" : 0.000000,
          "stddev" : 0.000000,
          "N" : 0
        },
        "clat_ns" : {
          "min" : 0,
          "max" : 0,
          "mean" : 0.000000,
          "stddev" : 0.000000,
          "N" : 0
        },
        "lat_ns" : {
          "min" : 0,
          "max" : 0,
          "mean" : 0.000000,
          "stddev" : 0.000000,
          "N" : 0
        },
        "bw_min" : 0,
        "bw_max" : 0,
        "bw_agg" : 0.000000,
        "bw_mean" : 0.000000,
        "bw_dev" : 0.000000,
        "bw_samples" : 0,
        "iops_min" : 0,
        "iops_max" : 0,
        "iops_mean" : 0.000000,
        "iops_stddev" : 0.000000,
        "iops_samples" : 0
      },
      "sync" : {
        "total_ios" : 0,
        "lat_ns" : {
          "min" : 0,
          "max" : 0,
          "mean" : 0.000000,
          "stddev" : 0.000000,
          "N" : 0
        }
      },
      "job_runtime" : 60000,
      "usr_cpu" : 0.710000,
      "sys_cpu" : 9.026667,
      "ctx" : 210627,
      "majf" : 0,
      "minf" : 26,
      "iodepth_level" : {
        "1" : 100.000000,
        "2" : 0.000000,
        "4" : 0.000000,
        "8" : 0.000000,
        "16" : 0.000000,
        "32" : 0.000000,
        ">=64" : 0.000000
      },
      "iodepth_submit" : {
        "0" : 0.000000,
        "4" : 100.000000,
        "8" : 0.000000,
        "16" : 0.000000,
        "32" : 0.000000,
        "64" : 0.000000,
        ">=64" : 0.000000
      },
      "iodepth_complete" : {
        "0" : 0.000000,
        "4" : 100.000000,
        "8" : 0.000000,
        "16" : 0.000000,
        "32" : 0.000000,
        "64" : 0.000000,
        ">=64" : 0.000000
      },
      "latency_ns" : {
        "2" : 0.000000,
        "4" : 0.000000,
        "10" : 0.000000,
        "20" : 0.000000,
        "50" : 0.000000,
        "100" : 0.000000,
        "250" : 0.000000,
        "500" : 0.000000,
        "750" : 0.000000,
        "1000" : 0.000000
      },
      "latency_us" : {
        "2" : 0.000000,
        "4" : 0.000000,
        "10" : 0.000000,
        "20" : 0.000000,
        "50" : 0.000000,
        "100" : 0.000000,
        "250" : 44.405730,
        "500" : 52.335222,
        "750" : 2.025689,
        "1000" : 0.650091
      },
      "latency_ms" : {
        "2" : 0.572290,
        "4" : 0.010000,
        "10" : 0.010000,
        "20" : 0.000000,
        "50" : 0.000000,
        "100" : 0.000000,
        "250" : 0.000000,
        "500" : 0.000000,
        "750" : 0.000000,
        "1000" : 0.000000,
        "2000" : 0.000000,
        ">=2000" : 0.000000
      },
      "latency_depth" : 1,
      "latency_target" : 0,
      "latency_percentile" : 100.000000,
      "latency_window" : 0
    }
  ]
}
