{
  "fio version" : "fio-3.33",
  "timestamp" : 1698932933,
  "timestamp_ms" : 1698932933693,
  "time" : "Thu Nov  2 14:48:53 2023",
  "global options" : {
    "runtime" : "60",
    "direct" : "1",
    "directory" : "./",
    "rwmixwrite" : "33",
    "filesize" : "1G",
    "rw" : "randrw",
    "loops" : "5"
  },
  "jobs" : [
    {
      "jobname" : "job0.0",
      "groupid" : 0,
      "error" : 0,
      "eta" : 0,
      "elapsed" : 61,
      "job options" : {
        "numjobs" : "1",
        "rw" : "randread",
        "bssplit" : "4K/30:16K/60:64K/10",
        "slat_percentiles" : "1",
        "clat_percentiles" : "1",
        "lat_percentiles" : "1",
        "filename" : "bench"
      },
      "read" : {
        "io_bytes" : 2688643072,
        "io_kbytes" : 2625628,
        "bw_bytes" : 44809971,
        "bw" : 43759,
        "iops" : 3603.589940,
        "runtime" : 60001,
        "total_ios" : 216219,
        "short_ios" : 0,
        "drop_ios" : 0,
        "slat_ns" : {
          "min" : 0,
          "max" : 0,
          "mean" : 0.000000,
          "stddev" : 0.000000,
          "N" : 0
        },
        "clat_ns" : {
          "min" : 136066,
          "max" : 1579916,
          "mean" : 276061.432964,
          "stddev" : 92002.263696,
          "N" : 216219,
          "percentile" : {
            "1.000000" : 173056,
            "5.000000" : 179200,
            "10.000000" : 181248,
            "20.000000" : 187392,
            "30.000000" : 199680,
            "40.000000" : 224256,
            "50.000000" : 276480,
            "60.000000" : 292864,
            "70.000000" : 317440,
            "80.000000" : 346112,
            "90.000000" : 387072,
            "95.000000" : 423936,
            "99.000000" : 561152,
            "99.500000" : 651264,
            "99.900000" : 831488,
            "99.950000" : 897024,
            "99.990000" : 1089536
          }
        },
        "lat_ns" : {
          "min" : 136166,
          "max" : 1580137,
          "mean" : 276186.704096,
          "stddev" : 92011.485522,
          "N" : 216219,
          "percentile" : {
            "1.000000" : 173056,
            "5.000000" : 179200,
            "10.000000" : 181248,
            "20.000000" : 187392,
            "30.000000" : 199680,
            "40.000000" : 224256,
            "50.000000" : 276480,
            "60.000000" : 292864,
            "70.000000" : 317440,
            "80.000000" : 346112,
            "90.000000" : 387072,
            "95.000000" : 423936,
            "99.000000" : 561152,
            "99.500000" : 651264,
            "99.900000" : 831488,
            "99.950000" : 897024,
            "99.990000" : 1089536
          }
        },
        "bw_min" : 34528,
        "bw_max" : 54448,
        "bw_agg" : 100.000000,
        "bw_mean" : 43776.268908,
        "bw_dev" : 5587.292015,
        "bw_samples" : 119,
        "iops_min" : 3094,
        "iops_max" : 4076,
        "iops_mean" : 3604.252101,
        "iops_stddev" : 240.673850,
        "iops_samples" : 119
      },
      "write" : {
        "io_bytes" : 0,
        "io_kbytes" : 0,
        "bw_bytes" : 0,
        "bw" : 0,
        "iops" : 0.000000,
        "runtime" : 0,
        "total_ios" : 0,
        "short_ios" : 0,
        "drop_ios" : 0,
        "slat_ns" : {
          "min" : 0,
          "max" : 0,
          "mean" : 0.000000,
          "stddev" : 0.000000,
          "N" : 0
        },
        "clat_ns" : {
          "min" : 0,
          "max" : 0,
          "mean" : 0.000000,
          "stddev" : 0.000000,
          "N" : 0
        },
        "lat_ns" : {
          "min" : 0,
          "max" : 0,
          "mean" : 0.000000,
          "stddev" : 0.000000,
          "N" : 0
        },
        "bw_min" : 0,
        "bw_max" : 0,
        "bw_agg" : 0.000000,
        "bw_mean" : 0.000000,
        "bw_dev" : 0.000000,
        "bw_samples" : 0,
        "iops_min" : 0,
        "iops_max" : 0,
        "iops_mean" : 0.000000,
        "iops_stddev" : 0.000000,
        "iops_samples" : 0
      },
      "trim" : {
        "io_bytes" : 0,
        "io_kbytes" : 0,
        "bw_bytes" : 0,
        "bw" : 0,
        "iops" : 0.000000,
        "runtime" : 0,
        "total_ios" : 0,
        "short_ios" : 0,
        "drop_ios" : 0,
        "slat_ns" : {
          "min" : 0,
          "max" : 0,
          "mean" : 0.000000,
          "stddev" : 0.000000,
          "N" : 0
        },
        "clat_ns" : {
          "min" : 0,
          "max" : 0,
          "mean" : 0.000000,
          "stddev" : 0.000000,
          "N" : 0
        },
        "lat_ns" : {
          "min" : 0,
          "max" : 0,
          "mean" : 0.000000,
          "stddev" : 0.000000,
          "N" : 0
        },
        "bw_min" : 0,
        "bw_max" : 0,
        "bw_agg" : 0.000000,
        "bw_mean" : 0.000000,
        "bw_dev" : 0.000000,
        "bw_samples" : 0,
        "iops_min" : 0,
        "iops_max" : 0,
        "iops_mean" : 0.000000,
        "iops_stddev" : 0.000000,
        "iops_samples" : 0
      },
      "sync" : {
        "total_ios" : 0,
        "lat_ns" : {
          "min" : 0,
          "max" : 0,
          "mean" : 0.000000,
          "stddev" : 0.000000,
          "N" : 0
        }
      },
      "job_runtime" : 60000,
      "usr_cpu" : 0.700000,
      "sys_cpu" : 9.196667,
      "ctx" : 216341,
      "majf" : 0,
      "minf" : 27,
      "iodepth_level" : {
        "1" : 100.000000,
        "2" : 0.000000,
        "4" : 0.000000,
        "8" : 0.000000,
        "16" : 0.000000,
        "32" : 0.000000,
        ">=64" : 0.000000
      },
      "iodepth_submit" : {
        "0" : 0.000000,
        "4" : 100.000000,
        "8" : 0.000000,
        "16" : 0.000000,
        "32" : 0.000000,
        "64" : 0.000000,
        ">=64" : 0.000000
      },
      "iodepth_complete" : {
        "0" : 0.000000,
        "4" : 100.000000,
        "8" : 0.000000,
        "16" : 0.000000,
        "32" : 0.000000,
        "64" : 0.000000,
        ">=64" : 0.000000
      },
      "latency_ns" : {
        "2" : 0.000000,
        "4" : 0.000000,
        "10" : 0.000000,
        "20" : 0.000000,
        "50" : 0.000000,
        "100" : 0.000000,
        "250" : 0.000000,
        "500" : 0.000000,
        "750" : 0.000000,
        "1000" : 0.000000
      },
      "latency_us" : {
        "2" : 0.000000,
        "4" : 0.000000,
        "10" : 0.000000,
        "20" : 0.000000,
        "50" : 0.000000,
        "100" : 0.000000,
        "250" : 43.407841,
        "500" : 54.551173,
        "750" : 1.794939,
        "1000" : 0.228472
      },
      "latency_ms" : {
        "2" : 0.017575,
        "4" : 0.000000,
        "10" : 0.000000,
        "20" : 0.000000,
        "50" : 0.000000,
        "100" : 0.000000,
        "250" : 0.000000,
        "500" : 0.000000,
        "750" : 0.000000,
        "1000" : 0.000000,
        "2000" : 0.000000,
        ">=2000" : 0.000000
      },
      "latency_depth" : 1,
      "latency_target" : 0,
      "latency_percentile" : 100.000000,
      "latency_window" : 0
    }
  ]
}
